Kab/Kota,IPM_2024,RLS_2024,P0_2024,D1_SPBE,D2_SPBE,D3_SPBE,D4_SPBE,Cluster
Aceh Barat,73.69,9.99,17.6,3,1.7,1.18,3.68,0
Aceh Barat Daya,68.75,8.78,15.32,3,2.1,1.45,3.75,0
Aceh Besar,75.13,10.37,13.21,2.7,1.1,1,3.51,0
Aceh Jaya,71.83,9.02,12.25,3.5,1.7,1,3.56,0
Aceh Selatan,69.1,8.92,12.02,2.9,2.1,1,3.69,0
Aceh Singkil,70.75,8.72,19.06,3,1.2,1,3.13,0
Aceh Tamiang,72.32,9.3,12.17,2.3,2.1,1.27,4.01,0
Aceh Tengah,75.41,10.03,14.27,2.3,1.5,1,3.62,0
Aceh Tenggara,71.7,10.1,11.99,1,1.5,1,3.55,0
Aceh Timur,69.87,8.48,13.26,1.4,1.1,1,3.87,0
Aceh Utara,71.7,9.11,16.11,2.2,1.1,1,1.58,0
Agam,74.66,9.23,6.83,2.6,1.8,1.45,3.37,0
Alor,63.82,8.61,19.87,2.4,1.2,1,3.11,0
Ambon,82.56,12.24,5.13,3.2,2.1,1,3.37,0
Asahan,72.09,8.85,8.12,2.9,2.1,1.82,3.64,0
Asmat,53.92,5.82,24.5,1,1.1,1,1,1
Badung,83.87,11.14,2.23,4.7,3.1,2.45,4.57,2
Balangan,71.34,8.13,4.87,4,2.8,1.64,4.07,2
Balikpapan,82.24,10.99,2.23,4.5,3.9,2.64,4.32,2
Banda Aceh,87.17,13.1,6.95,4,3.3,2.18,4.37,2
Bandar Lampung,79.19,10.99,7.37,2.9,2.4,2.55,3.48,2
Bandung,74.27,9.15,6.19,4.6,3.7,2.45,4.51,2
Kota Bandung,83.52,11.07,3.87,5,4.8,4.18,4.51,2
Bandung Barat,70.03,8.24,10.49,4.4,3.1,3.18,4.2,2
Banggai,72.32,8.81,6.56,5,2.9,2.18,4.07,2
Banggai Kepulauan,67.43,8.7,12.32,3.1,1.3,1.09,3.62,0
Banggai Laut,67.43,8.65,13.78,2,1.2,1.36,2.91,0
Bangka,73.98,8.45,4.24,2.5,1.8,1.36,3.95,0
Bangka Barat,70.67,7.48,2.59,3.8,2.5,2.18,3.69,2
Bangka Selatan,68.86,6.93,3.74,4.6,2.9,2.36,3.37,2
Bangka Tengah,71.9,7.24,5.94,4.7,4.3,2.55,4.31,2
Bangkalan,66.27,6.01,18.66,2.6,2.5,2,3.57,0
Bangli,71.34,7.58,5.06,2.2,2,1.09,3.82,0
Kota Banjar,73.64,8.83,5.85,3.5,3,1.82,4.57,2
Banjar,71.87,7.95,2.36,3,2,1,3.99,0
Banjar Baru,80.51,11,3.79,2.9,2.1,1.55,3.49,0
Banjarmasin,79.05,10.35,4.58,5,3.3,2.18,4.88,2
Banjarnegara,69.6,6.87,14.71,4.9,3.4,1.64,4.32,2
Bantaeng,71.48,7.26,8.26,4.9,3.3,1.82,4.13,2
Bantul,81.74,9.81,11.66,4,3.7,3.09,4.88,2
Banyu Asin,69.51,7.48,9.31,3.1,2.1,1,3.56,0
Banyumas,74.52,7.91,11.95,4.5,3.8,2.55,4.69,2
Banyuwangi,73.11,7.78,6.54,5,4.6,4.18,5,2
Barito Kuala,68.84,7.92,4.36,3.2,2.4,1.27,3.88,0
Barito Selatan,72.36,9.22,4.83,3.8,2.6,2.64,3.55,2
Barito Timur,73.26,9.54,6.66,3.1,1.7,1.73,3.75,0
Barito Utara,72.31,8.92,5.67,2.9,2.2,1.09,3.56,0
Barru,73.06,8.8,8.31,1.2,2.4,1.82,3.81,0
Batam,82.86,11.21,4.85,4.1,3.5,2.73,4.19,2
Batang,70.74,7.08,8.73,3.3,3.6,2.36,4.02,2
Batang Hari,71.67,8.35,8.63,3.1,3.3,2.18,4.31,2
Batu,78.79,9.87,3.06,3.7,3.4,2.36,4.07,2
Batu Bara,70.83,8.51,10.94,3,2.1,1,3.5,0
Bau Bau,78.13,11.03,7.4,3.1,2.4,2.45,3.69,2
Bekasi,76.44,9.76,4.8,4.7,3.5,3.09,4.57,2
Kota Bekasi,83.54,11.79,4.01,4.1,3.3,2.55,4.5,2
Belitung,74.47,9.05,6.11,3,2.8,3,3.88,2
Belitung Timur,73.19,8.99,6.36,4,4.2,3.09,4.57,2
Belu,64.43,7.5,13.86,3.5,1.5,1,3.25,0
Bener Meriah,75.01,10.13,18.18,2.4,1.8,1,3.82,0
Bengkalis,75.28,9.74,6.36,2.8,1.7,1.64,3.81,0
Bengkayang,70.3,7.41,6,3.3,2.8,1.36,3.88,0
Bengkulu,82.04,11.84,13.76,3,1.9,1.18,3.44,0
Bengkulu Selatan,72.35,9.42,17.1,3.1,1.7,1.55,3.93,0
Bengkulu Tengah,69.84,7.71,10.14,2.1,2.4,1.36,3.82,0
Bengkulu Utara,71.11,8.32,10.96,2.9,3,1.82,4.07,0
Berau,76.66,9.57,5.08,2.8,1.9,1,2.8,0
Biak Numfor,73.98,10.55,23.46,2.3717,1.3965,1.0761,3.248,0
Bima,68.94,8.3,13.88,2.9,1.8,1.18,3.3,0
Kota Bima,78.04,10.96,8.12,2.4,1.9,1,3.76,0
Binjai,78.1,11.2,4.75,3.3,2.8,1.73,3.75,2
Bintan,76.18,9.15,5.44,4,2.9,2,3.68,2
Bireuen,74.45,9.59,12.1,1.4,1.4,1.18,3.51,0
Bitung,75.71,9.96,6.27,3.9,3.4,2.18,3.51,2
Blitar,73.09,7.87,8.16,4.6,3,3.09,4.2,2
Kota Blitar,81.27,10.82,6.75,4.3,3.4,3.27,4.76,2
Blora,71.39,7.26,11.42,3.5,2.6,1.45,4.25,0
Boalemo,68.74,7.31,17.83,2,1.6,1.27,3.37,0
Bogor,72.39,8.39,7.05,4,3.9,3,4.64,2
Kota Bogor,78.52,10.71,6.53,4.1,3.9,3.64,4.33,2
Bojonegoro,71.78,7.59,11.69,4.6,4.1,2.64,4.57,2
Bolaang Mongondow,70.29,8.38,7.74,2.3,2.2,1,3.76,0
Bolaang Mongondow Selatan,67.14,8.28,11.33,2.7,2,1.82,3.31,0
Bolaang Mongondow Timur,68.53,8.29,5.87,3.3,2.4,1.09,3.68,0
Bolaang Mongondow Utara,69.32,8.61,7.88,2.1,1.5,1.27,3.25,0
Bombana,68.15,8.1,10.54,2.9,2.5,1.55,3.51,0
Bondowoso,68.65,6.53,12.6,4,4.2,3,3.95,2
Bone,68.36,7.55,9.58,3.3,2.6,2.18,3.82,0
Bone Bolango,72.38,8.52,14.8,3.7,2,1.36,3.95,0
Bontang,82.42,10.97,3.74,3.2,2.7,2.55,4.13,2
Boven Digoel,64.26,9.42,19.24,2,1.8,1,2.81,0
Boyolali,75.96,8.17,9.63,5,3.7,2.82,4.07,2
Brebes,68.46,6.41,15.6,2.8,2.3,1,3.82,0
Bukittinggi,82.51,11.65,4.08,1.1,1.6,1.09,3.88,0
Buleleng,74.52,7.69,5.39,3.7,3.5,2.36,4.26,2
Bulukumba,71.97,8.52,6.71,2.8,1.4,1,3.69,0
Bulungan,73.34,9.23,8.76,3.9,3.3,2.82,4.68,2
Bungo,71.92,8.6,5.06,3,1.6,1.45,3.68,0
Buol,70.28,9.2,13.08,3.9,2.3,1.73,4.01,0
Buru,71.01,9.02,16.08,2.6259,1.7017,1.1932,3.036,0
Buru Selatan,67.09,8.48,14.91,1,1.2,1,2.66,0
Buton,68.88,8.63,13.99,3.1,1.3,1,3.01,0
Buton Selatan,67,7.75,14.28,2.3,1,1,3.37,0
Buton Tengah,66.47,7.35,14.4,3.4,1.7,1.18,3.45,0
Buton Utara,70.6,9.24,14.09,1,1.2,1,3.5,0
Ciamis,72.56,8.1,7.39,5,2.9,2.36,4.14,2
Cianjur,67.24,7.33,10.14,4.1,3.4,2.09,4.45,2
Cilacap,72.38,7.4,10.68,4.2,2.7,1.91,3.81,2
Cilegon,75.14,10.39,3.75,2.5,2,1.36,3.31,0
Cimahi,80.08,11.52,4.39,3.8,3.8,3.27,4.76,2
Cirebon,71.44,7.65,11,4.1,3.1,2.36,4.2,2
Kota Cirebon,77.08,10.53,9.02,4.7,4.1,3.36,4.26,2
Dairi,73.92,9.89,7.1,2.8,1.6,1,3.87,0
Deiyai,52.07,3.29,39.01,1.43,1.0478,1,1.9313,1
Deli Serdang,76.92,10.29,3.44,4.3,3.5,2.27,3.88,2
Demak,74.57,8.28,11.89,3.6,3.8,2.82,4.51,2
Denpasar,85.22,11.53,2.59,4.1,3.9,3.27,4.2,2
Depok,82.91,11.59,2.34,4.9,4.3,3,4.64,2
Dharmasraya,74.06,8.98,5.32,5,3,2.36,4.01,2
Dogiyai,57.68,4.98,30.03,1,1,1,2.16,1
Dompu,70.78,9.04,11.59,2.5,1.8,1.45,3.3,0
Donggala,67.45,8,15.3,2.6,1.1,1,3.68,0
Dumai,76.19,10.29,3.14,4.3,3.6,2.36,4.51,2
Empat Lawang,67.25,7.68,10.78,1.4,1.6,1,3.49,0
Ende,69.11,8.29,22.57,3,1.5,1,3.62,0
Enrekang,74.61,9.11,11.25,3,2.9,1.73,3.95,0
Fak Fak,70.39,9.32,20.86,1.5,1.1,1,2.29,0
Flores Timur,66.29,8.06,11.25,1.2,1,1,3.36,0
Garut,68.79,7.85,9.68,5,4,2.36,4.07,2
Gayo Lues,69.83,8.44,18.3,3.1,1.5,1.27,3.74,0
Gianyar,79.82,9.84,4,3.1,3,2.73,4.14,2
Gorontalo,69.66,7.95,16.43,2.6,2.4,1.27,3.37,0
Kota Gorontalo,79.18,10.41,5.74,3.1,2.4,1,3.63,0
Gorontalo Utara,67.46,7.4,16.86,3.1,2.6,1.55,3.48,0
Gowa,72.26,8.53,6.85,4,2.7,2.82,4.32,2
Gresik,78.45,10.03,10.32,5,3.7,3.18,4.88,2
Grobogan,72.02,7.29,11.43,3.4,3,2.82,4.2,2
Gunung Kidul,71.89,7.35,15.18,4.4,3.3,2.45,4.75,2
Gunung Mas,72.73,9.37,5.68,2.9,1.9,1.27,3.69,0
Gunungsitoli,71.41,8.76,14.72,2.8,1.5,1.09,2.88,0
Halmahera Barat,67.53,8.59,8.75,1,1.1,1,2.92,0
Halmahera Selatan,66.66,8.42,5.63,2,2.1,1,3.25,0
Halmahera Tengah,68.45,9.2,10.71,1,1.1,1,2.92,0
Halmahera Timur,69.58,8.88,11.91,2,1.3,1.18,1.31,0
Halmahera Utara,69.78,8.67,4.71,3.1,2.1,1.27,3.49,0
Hulu Sungai Selatan,71.21,8.09,3.38,4.8,3.6,3.09,4.51,2
Hulu Sungai Tengah,70.69,8.35,5.81,3.6,2.9,1.82,4.13,2
Hulu Sungai Utara,68.28,7.78,5.75,1.9,1.9,1,3.56,0
Humbang Hasundutan,71.59,10.13,8.44,3.1,2.1,1,3.75,0
Indragiri Hilir,68.38,7.32,5.66,2.1,1.8,1,3.63,0
Indragiri Hulu,71.48,8.43,6.02,3.4,2.4,1,3.69,0
Indramayu,69.83,6.95,11.93,4.6,3.8,2.73,4.25,2
Intan Jaya,50.71,3.28,41.42,1.4661,1.0558,1.0009,1.9972,1
Jakarta Barat,83.64,11.24,3.94,4.4915,3.885,2.7543,4.5136,2
Jakarta Pusat,83.01,11.61,4.63,3.5843,3.0526,2.1834,4.2897,2
Jakarta Selatan,86.94,11.95,3.03,4.2547,3.5803,2.531,4.3236,2
Jakarta Timur,84.65,11.99,4.09,4.2953,3.6918,2.6868,4.324,2
Jakarta Utara,81.39,10.85,6.44,3.882,3.3308,2.5572,4.4593,2
Jambi,81.04,11.51,7.73,5,4.1,2.91,4.76,2
Jayapura,74.11,10.57,11.6,3.1,2.2,2.18,3.32,0
Kota Jayapura,81.67,12.07,10.72,3,1.4,1,3.17,0
Jayawijaya,61.03,5.99,32.28,2.6,1.2,1,3.57,1
Jember,69.15,6.54,9.01,3.2,2.9,2.82,4.26,2
Jembrana,74.6,8.7,4.51,4.3,3.8,2.45,4.08,2
Jeneponto,66.38,7.01,11.82,4.1,2.2,1,4.07,0
Jepara,74.32,8.27,6.09,3.8,2.9,2.45,4.14,2
Jombang,75.1,8.78,8.6,3.9,4.1,3.36,4,2
Kaimana,67.6,8.97,14.41,1,1.3,1,3.37,0
Kampar,74.85,9.58,6.92,3.2,2.5,1.09,3.81,0
Kapuas,71.32,7.93,5.25,3,1.7,1,3.63,0
Kapuas Hulu,68.58,8.03,7.4,3.9,2,1,3.63,0
Karanganyar,78.11,9.26,9.59,4.3,3.9,2.45,4.31,2
Karangasem,69.74,6.7,6.52,2.7,1.9,1.55,3.27,0
Karawang,72.9,8.05,7.86,4.9,4.3,3.36,4.7,2
Karimun,74.28,8.91,5.78,2.8,1,1,3.42,0
Karo,76.55,10.12,7.37,3.9,2.3,1,3.95,0
Katingan,70.7,8.95,5.26,3.8,2.9,1.82,3.81,2
Kaur,68.98,8.47,17.12,2.9,1.5,1,3.31,0
Kayong Utara,65.74,6.54,8.84,2.9,1.7,1,3.76,0
Kebumen,71.93,7.87,15.71,4.6,3.4,2.27,4.94,2
Kediri,74.44,8.26,9.95,5,4.1,4.09,5,2
Kota Kediri,81.35,10.92,6.51,3.8,3.8,2.55,4.45,2
Keerom,68.68,8.58,15.84,1,1,1,1.3,1
Kendal,74.34,7.74,9.35,4.4,2.8,2.36,4.38,2
Kendari,85.33,12.55,4.23,3.9,3,2,3.62,2
Kepahiang,70.27,8.37,12.9,2.8,1.6,1,3.38,0
Kepulauan Anambas,70.93,7.53,6.67,3.1,2.6,1.91,3.68,0
Kepulauan Aru,65.83,9.21,23.39,2.8,1.4,1,3.37,0
Kepulauan Mentawai,63.99,8.03,13.89,3,1.7,1,3.25,0
Kepulauan Meranti,67.92,8.12,23.15,4.2,3,1,3.57,0
Kepulauan Sangihe,72.71,8.65,10.84,3.8,1.5,1,3.13,0
Kepulauan Selayar,70.03,8.49,10.79,2.8,1.8,1,3.49,0
Kepulauan Seribu,74.17,9.26,13.03,3.1328,2.4045,1.8204,3.7384,0
Kepulauan Sula,65.99,9.17,7.96,3,1.2,1,2.65,0
Kepulauan Talaud,71.77,9.96,8.17,2.9,1.6,1,3.18,0
Kepulauan Yapen,69.65,9.71,25.69,2.1607,1.4069,1.0414,2.9691,0
Kerinci,73.11,8.6,6.93,2.4,1.4,1,2.98,0
Ketapang,69.42,7.68,8.5,3.5,2.5,1.82,3.7,0
Klaten,78.16,9.29,12.04,4.5,4,2.27,4.64,2
Klungkung,74.04,8.74,5.3,3.1,3.1,1.73,3.69,2
Kolaka,75.18,9.38,11.67,5,3.2,2.82,3.88,2
Kolaka Timur,70.27,8.43,13.71,2.5,1.3,1,2.87,0
Kolaka Utara,71.7,8.82,13.51,3.1,1.7,1.09,3.55,0
Konawe,73.39,9.69,13.25,3.1,2.1,2.09,3.62,0
Konawe Kepulauan,67.99,9.46,15.54,1,1.1,1,3.49,0
Konawe Selatan,71.19,8.76,11.2,4.8,2.7,2.55,4.31,2
Konawe Utara,72.32,9.61,13.17,2.5,2.2,1.09,3.95,0
Kota Baru,70.61,7.56,4.45,2.4,1.8,1,3.3,0
Kotamobagu,75.27,10.35,5.12,3.1,2.4,1,3.88,0
Kotawaringin Barat,74.44,8.77,4.11,3.1,2.2,1.64,3.63,0
Kotawaringin Timur,72.66,8.18,5.66,3.1,2.9,1.27,4.14,0
Kuantan Singingi,72.33,9.14,7.89,3.8,2.6,1.09,4.2,0
Kubu Raya,70.25,7.05,4.08,3.4,3,2.55,3.88,2
Kudus,77.22,9.35,7.23,3.8,3.9,3.27,4.88,2
Kulon Progo,76.14,9.2,15.62,4.4,3.8,3.27,4.06,2
Kuningan,71.26,7.9,11.88,3,3.2,2.82,4.2,2
Kupang,66.57,7.62,21.37,1.7,1.9,1.18,3.5,0
Kota Kupang,81.08,11.64,8.24,4.2,2.6,1.64,3.69,2
Kutai Barat,74.5,8.89,9.56,1.7,2,1.55,3.62,0
Kutai Kartanegara,75.91,9.27,7.28,3.6,2.2,1.82,3.88,2
Kutai Timur,75.53,9.47,8.81,3,2.4,2.27,3.64,2
Labuhan Batu,74.18,9.5,7.84,2.7899,1.9881,1.4362,3.6643,0
Labuhan Batu Selatan,73.67,9.19,7.73,3.2202,2.605,1.9621,4.0269,2
Labuhan Batu Utara,74.4,9.14,8.98,3.1603,2.6697,2.2109,3.922,2
Lahat,69.77,8.69,14.14,1.6,1.7,1,3.37,0
Lamandau,72.25,8.82,3.25,4,2.3,1.55,3.95,2
Lamongan,75.13,8.48,12.16,5,3.4,2.45,5,2
Lampung Barat,69.84,8.56,10.68,3.9,1.8,1,3.29,0
Lampung Selatan,70.28,7.78,12.57,4.1,2.7,1,3.74,0
Lampung Tengah,72.37,7.97,10.37,3.1,1.8,1.09,3.62,0
Lampung Timur,71.84,8.2,13.19,3.9,2.3,1.18,3.44,0
Lampung Utara,69.62,8.38,16.92,3.8,2.4,1.55,3.88,0
Landak,69.08,7.46,8.98,2.1,1.7,1,3.38,0
Langkat,72.73,8.74,9.04,5,2.9,1.91,4.32,2
Langsa,78.81,11.28,10.33,1.2,1,1.09,2.99,0
Lanny Jaya,51.59,3.83,34.12,1.4262,1.0503,1.0007,1.8567,1
Lebak,65.86,6.61,8.44,5,3,1.82,3.99,2
Lebong,69.27,8.41,10.45,3.8,3,2.09,3.93,2
Lembata,66.62,8.27,24.22,2.9,1.5,1,3.31,0
Lhokseumawe,79.55,11.31,10.44,3,1.8,1,3.95,0
Lima Puluh,71.14,8.13,6.92,3.3,2.2,1.09,3.38,0
Lingga,68.19,7.6,9.99,2.9,2,1,3.43,0
Lombok Barat,70.67,6.88,12.65,3.2,2.2,2.09,3.82,0
Lombok Tengah,69.17,6.73,12.07,3.7,2.5,1,3.88,0
Lombok Timur,69.23,7.36,14.51,3,3.3,1.55,3.95,0
Lombok Utara,67.24,6.4,23.96,3,1.9,1,3.69,0
Lubuklinggau,76.82,9.94,11.14,3,2,1.27,3.38,0
Lumajang,68.8,7.27,8.65,3.2,2.3,1.73,4.64,0
Luwu,72.79,8.81,11.7,1.2,2.1,1.27,3.75,0
Luwu Timur,74.95,8.94,6.55,3.9,2.3,1.36,4.08,0
Luwu Utara,72.07,8.37,11.24,3.5,2.6,1.82,4.07,2
Madiun,73.74,8.2,10.63,5,4,3,4.76,2
Kota Madiun,83.48,12.11,4.38,4.8,4.5,3.82,4.82,2
Magelang,71.99,7.83,10.83,4.9,4.1,2.09,4.2,2
Kota Magelang,82.15,11.43,5.94,3.5,3.2,2.64,4.39,2
Magetan,75.87,8.69,9.32,2.3,2.4,1.18,4.01,0
Mahakam Ulu,70.35,8.5,10.75,2.7,1.4,1,3.04,0
Majalengka,69.74,7.53,10.82,2.9,2.5,1,3.89,0
Majene,69.42,9.46,13.64,5,1.9,2.27,3.38,2
Makassar,83.9,11.57,4.97,4.5,3.5,2.55,4.69,2
Malaka,62.73,7.14,13.92,2.2,1,1,3.24,0
Malang,72.68,7.8,8.98,3.9,3.4,1.73,4.62,2
Kota Malang,84.06,11.14,3.91,4.7,4.3,2.55,4.69,2
Malinau,73.9,9.63,6.94,1.8,1.7,1.18,3.5,0
Maluku Barat Daya,64.86,9.13,27.95,1.5,1.3,1,2.99,1
Maluku Tengah,73.21,9.79,17.67,3,1.2,1,3.03,0
Maluku Tenggara,68.24,9.84,21.22,2,1,1.09,2.79,0
Maluku Tenggara Barat,64.83,9.92,23.66,2.7,1.6,1.18,2.99,0
Mamasa,68.37,8.13,14.2,2.1,1.2,1,2.79,0
Mamberamo Raya,55,6.49,30.29,2.6166,1.3458,1.0414,2.4257,1
Mamberamo Tengah,50.72,3.7,35.27,1,1,1,1.19,1
Mamuju,70.4,8.35,7.15,1.2,1.5,1.45,3.62,0
Mamuju Tengah,68.36,7.94,7.72,2.9,1.2,1.27,3.06,0
Mamuju Utara,69.73,8.13,5.21,2.9,1.2,1,3.69,0
Manado,80.63,11.46,5.43,5,3.4,2.55,4.42,2
Mandailing Natal,69.33,9.11,8.69,3.5,3.2,1.09,3.2,0
Manggarai,67.28,7.91,19.01,3,2,1.64,3.81,0
Manggarai Barat,66.65,8.21,16.74,3.9,3.1,2.73,3.82,2
Manggarai Timur,64.2,7.96,24.9,3,1.7,1.09,3.62,0
Manokwari,73.83,8.67,18.45,2.9,1.1,1,2.05,0
Manokwari Selatan,62.45,7.17,26.83,3.2428,1.7453,1.1376,3.1503,1
Mappi,61.51,7.16,25.7,3.2456,1.7386,1.1391,3.118,1
Maros,72.11,8.05,9.32,4.4,2.4,1,3.99,0
Mataram,80.6,9.58,8,3.3,3.2,3.18,3.96,2
Maybrat,61.83,7.44,29.18,3.4476,1.7144,1.1104,3.0951,1
Medan,82.76,11.79,7.94,3.2,3.2,1.64,4.8,2
Melawi,68.66,7.66,10.62,2.7,1.3,1,3.57,0
Mempawah,68.56,7.21,4.83,3.1,1.8,1,3.76,0
Merangin,71.66,8.4,8.4,4,2.6,1.64,3.87,2
Merauke,72.73,9.37,10.19,1.2,1.4,1,3.47,0
Mesuji,66.46,7.21,6.31,4.7,4,2.18,4.44,2
Metro,78.93,11.01,6.78,2.7,3.1,2.73,3.87,2
Mimika,76.85,10.72,14.18,3,1.5,1,3.07,0
Minahasa,77.74,10.23,6.53,2,1.1,1,3.37,0
Minahasa Selatan,74.17,9.43,8.97,2.9,1.6,1,3.37,0
Minahasa Tenggara,72.66,9.14,11.72,3.3,2.3,2.91,3.37,2
Minahasa Utara,75.89,10.35,6.95,4.4,2.9,1.82,3.89,2
Mojokerto,75.98,9.13,9.37,4.5,3.8,2.82,4.75,2
Kota Mojokerto,80.92,11.38,5.57,5,3.8,3,4.88,2
Morowali,73.54,9.38,11.55,3.5,2.8,1.64,4,2
Morowali Utara,70.58,9.13,11.95,2.5,1.7,1,3.62,0
Muara Enim,71,8.27,9.79,4.3,3.2,1.36,3.75,2
Muaro Jambi,71.91,8.7,3.65,2.7,1.8,1,3.63,0
Mukomuko,70.63,8.57,10.76,2.2,1.5,1.18,2.66,0
Muna,71.05,8.71,13.78,3.1,1.7,1,2.99,0
Muna Barat,68.06,8.09,13.38,1.9,1.1,1,2.48,0
Murung Raya,70.03,7.94,6.58,3,1.8,1,3.56,0
Musi Banyuasin,70.12,7.95,12.88,4.6,3.6,2.18,3.87,2
Musi Rawas,68.95,7.57,13.44,4.2,2.4,1.09,3.87,0
Musi Rawas Utara,67.4,7.51,17.38,3,1.3,1,3.3,0
Nabire,71.77,10.42,24,2.2695,1.3582,1.053,3.122,0
Nagan Raya,71.72,9.25,16.94,3.3,2.5,1.27,3.69,0
Nagekeo,67.72,8.23,12.3,2.7888,1.7791,1.3984,3.3039,0
Natuna,74.56,9.2,5.04,4,3.4,2.73,3.94,2
Nduga,36.3,1.92,36.28,1,1,1,2.1,1
Ngada,69.52,8.83,11.87,3,1,1,3.01,0
Nganjuk,74.23,8.25,10.17,4.7,4,2.45,4.02,2
Ngawi,73.09,7.84,13.81,4.8,3.2,1.82,4.14,2
Nias,65.55,6.4,14.89,4.9,3.1,1.73,4.45,2
Nias Barat,64.67,7.26,22.68,1,1.1,1,2.7,1
Nias Selatan,65.02,6.52,16.32,2.8,2.2,1.55,3.81,0
Nias Utara,65.62,7.05,21.5,3,1.3,1,3.37,0
Nunukan,68.52,8.39,5.73,2.8,2.5,1,3.81,0
Ogan Ilir,69.4,8.09,12.3,3.7,2.1,1,3.88,0
Ogan Komering Ilir,69.33,7.19,12.08,3.6,3.2,2.64,4.07,2
Ogan Komering Ulu,71.55,8.86,10.68,2.4,1.9,1.09,3.63,0
Ogan Komering Ulu Selatan,67.65,8.25,9.86,2,1.3,1,3.63,0
Ogan Komering Ulu Timur,71.55,8.08,9.75,3,2,1,3.42,0
Pacitan,70.74,7.9,13.08,4.7,3,2.09,3.94,2
Padang,83.99,11.63,4.06,4.7,3.7,2.45,4.44,2
Padang Lawas,71.27,9.63,7.87,2.3,1.4,1,2.99,0
Padang Lawas Utara,72.32,9.82,8.97,3,1.3,1,3.03,0
Padang Panjang,80.17,12,5.31,3.6,2.9,1.36,3.82,2
Padang Pariaman,73.1,8.42,6.27,3.6,3.5,2.82,3.74,2
Padangsidimpuan,76.96,11.13,6.23,2.8,2,1.09,3.56,0
Pagar Alam,71.19,9.44,8.18,3,1.2,1,3.69,0
Pakpak Bharat,70.36,9.73,6.87,2.7,2.3,1,3.45,0
Palangka Raya,82.2,11.66,3.52,3.4,3.3,2.09,4.69,2
Palembang,80.57,10.93,9.77,4,2.9,3,3.88,2
Palopo,79.94,11.16,7.35,3.7,2.2,1,4.24,0
Palu,82.88,11.75,5.94,3.1,1.9,1,3.37,0
Pamekasan,68.49,7.17,13.41,5,4.4,3,3.68,2
Pandeglang,66.99,7.16,9.18,3.1,2.8,2.64,4.19,2
Pangandaran,69.85,8.1,8.75,5,2.9,1.82,4.13,2
Pangkajene Dan Kepulauan,71.22,8.47,12.41,4,1.1,1,3.69,0
Pangkal Pinang,80.4,10.67,4.04,4.7,3.5,1.27,4.64,2
Paniai,58.69,4.81,37.07,1.9504,1.1541,1.0112,2.372,1
Parepare,79.64,10.88,5.27,2.8,1.2,1,3.94,0
Pariaman,78.88,11.06,4.26,4,2.9,1.73,4.19,2
Parigi Moutong,67.49,8.05,14.2,3.2,1.9,1.09,3.62,0
Pasaman,68.89,8.14,6.74,1.9,1.9,2,3.56,0
Pasaman Barat,70.93,8.99,7,5,3.3,2.36,3.95,2
Paser,74.7,8.92,8.63,3.9,3,2.36,3.56,2
Pasuruan,70.73,7.46,8.63,5,3.4,1.82,4.57,2
Kota Pasuruan,77.75,9.94,6.32,4.9,3.4,2.73,4.7,2
Pati,74.1,7.82,9.17,4.5,3.5,2.27,4.2,2
Payakumbuh,80.61,10.89,5.19,3.3,3.4,2.36,4.57,2
Pegunungan Arfak,58.73,5.72,31.76,2.3487,1.2617,1.0237,2.6528,1
Pegunungan Bintang,49.36,3.51,28.95,1.3492,1.0469,1.0008,1.9199,1
Pekalongan,71.84,7.48,8.95,2.9,2.4,1.91,3.87,0
Kota Pekalongan,77.22,9.34,6.71,4.4,3.3,2.55,4.27,2
Pekanbaru,82.89,11.96,3.15,4.8,3.7,2.36,4.2,2
Pelalawan,74.08,8.96,8.49,1.4,1.5,1.73,3.64,0
Pemalang,68.55,6.56,14.92,2.3,2.4,1.55,4.14,0
Pematang Siantar,81.17,11.82,7.2,3.5,2.7,1.36,3.74,2
Penajam Paser Utara,73.9,8.57,6.69,3,2.7,1.27,3.51,0
Penukal Abab Lematang Ilir,67.48,7.27,9.82,2.8,2.1,1.27,3.43,0
Pesawaran,68.52,8,11.86,4.6,3,2.64,3.75,2
Pesisir Barat,66.73,8.73,12.64,3.1,2.6,1.64,3.54,0
Pesisir Selatan,72.02,8.81,7.49,5,4.1,3.36,4.38,2
Pidie,72.31,9.04,18.59,2.7,1.4,1,3.04,0
Pidie Jaya,75.16,9.59,18.28,2.5,1.3,1,3.95,0
Pinrang,73.55,8.53,8.55,4.3,3.3,1.36,4.14,2
Pohuwato,68.02,7.78,17.11,1.6,1.4,1,3.94,0
Polewali Mandar,66.22,7.72,15.66,4,3.6,3.18,4.26,2
Ponorogo,73.01,7.8,9.11,3,2.6,1.45,3.94,0
Pontianak,81.57,10.47,4.2,3.6,3.4,1.73,4.14,2
Poso,72.87,9.54,14.23,3,2.2,1,3.11,0
Prabumulih,77.08,10.36,10.13,3.7,2.9,2.55,3.83,2
Pringsewu,72.29,8.53,8.32,3.1,2.4,2.09,3.75,0
Probolinggo,68.29,6.31,16.45,4.4,3.7,2.18,4.64,2
Kota Probolinggo,76.27,9.72,6.18,4.1,3.8,2.73,4.63,2
Pulang Pisau,70.27,8.42,4.56,4.2,2.3,1.82,3.82,2
Pulau Morotai,65.68,7.73,5.11,1.2,1.1,1,3.03,0
Pulau Taliabu,62.9,7.99,7.13,2.7,1,1,2.92,0
Puncak,45.6,2.39,37.49,1,1,1,2.35,1
Puncak Jaya,51.78,4.42,35.94,2.8,1.2,1,2.44,1
Purbalingga,70.69,7.36,14.18,4.4,3.7,2.73,4.35,2
Purwakarta,72.65,8.14,8.41,3.9,3.5,2.91,4.57,2
Purworejo,75.11,8.65,10.87,4.1,3.2,2.55,3.82,2
Raja Ampat,65.86,8.4,15.83,1,1,1,1.73,1
Rejang Lebong,72.92,8.81,14.65,3.6,3,2.09,3.69,2
Rembang,72.53,7.73,14.02,4.4,3.7,2.64,4.52,2
Rokan Hilir,71.2,8.53,7.01,4.1,2.6,2.36,4.25,2
Rokan Hulu,71.82,8.94,9.62,4.1,2.8,2.27,4.07,2
Rote Ndao,64.59,7.83,25.78,5,2.6,1.91,3.82,0
Sabang,78.32,11.22,14.58,3.5,2.1,1,4.12,0
Sabu Raijua,59.58,6.99,28.13,4.6,1.5,1.09,1.51,1
Salatiga,85.72,11.48,4.57,3.3,3.6,2.27,4.25,2
Samarinda,82.81,10.95,4.3,4,3.9,2,4.45,2
Sambas,69.31,6.76,6.53,3.2,1.9,1.18,4.01,0
Samosir,72.88,9.61,11.63,2.6,2.3,1.18,3.51,0
Sampang,64.65,5.08,20.83,3.6,3,2.09,4.64,2
Sanggau,68.43,7.47,4.67,3.9,3,2.82,3.45,2
Sarmi,66.72,9.61,14.05,1,1.1,1,2.1,0
Sarolangun,72.01,8.35,8.36,3.7,2.8,1.45,3.68,0
Sawah Lunto,75.13,10.53,2.33,2.9,3,2.27,4.2,2
Sekadau,67.25,7.23,5.66,3.8,2.8,1,3.89,0
Seluma,68.97,8.14,17.23,2.4,1.6,1,3.05,0
Semarang,75.67,8.16,6.96,3.3,3,2.18,3.88,2
Kota Semarang,85.25,11.05,4.03,5,3.6,2.27,4.45,2
Seram Bagian Barat,68.39,9.59,22.31,1,1.8,1,2.54,0
Seram Bagian Timur,66.24,9,21.03,2,1.2,1,3.71,0
Serang,69.03,7.88,4.51,5,3.4,2.09,4.13,2
Kota Serang,73.99,8.93,5.65,1.8,1.9,1,3.82,0
Serdang Bedagai,72.47,9.12,6.97,2.9,2.1,1.45,3.31,0
Seruyan,69.05,8.01,7.08,2.8,1.9,1,3.3,0
Siak,75.45,9.92,5.08,4.9,2.6,1.73,4.32,2
Siau Tagulandang Biaro,70.31,9.43,8.32,2.4,1.6,1,3.49,0
Sibolga,75.66,10.45,11.39,2.6,1.6,1,3.31,0
Sidenreng Rappang,73.21,8.21,5.02,5,2,1.27,3.68,0
Sidoarjo,82.31,10.91,4.53,4.8,3,2.73,4.7,2
Sigi,70.51,9.04,12.06,2.5,1.6,1,3.07,0
Sijunjung,70.23,8.62,5.78,2.7,2.2,2.36,3.76,0
Sikka,67.41,6.99,11.89,2.5,1,1,2.81,0
Simalungun,74.97,9.73,7.72,2.3,1.6,1,3.31,0
Simeulue,69.01,9.89,17.69,2.4237,1.3599,1.2091,2.9938,0
Singkawang,73.87,8.22,4.53,3.2,3.3,1.18,4.2,2
Sinjai,69.52,7.82,7.82,4,2.5,1,3.74,0
Sintang,69.42,7.65,8.03,2.8,1.5,1.18,3,0
Situbondo,69.75,6.93,11.51,4.7,4.1,2.64,4.69,2
Sleman,85.61,11.33,7.46,4.2,4.2,3.27,4.75,2
Solok,71.02,7.91,7.31,3.6,3.1,2.55,4.01,2
Kota Solok,80,11.37,3.07,4.1,3.9,1.18,4.51,2
Solok Selatan,71.5,8.85,6.56,4,2.4,2.55,3.82,2
Soppeng,71.39,8.45,6.9,3,2.7,1.64,3.62,0
Sorong,68.29,8.74,25.71,3.1,1.3,1,3.5,0
Kota Sorong,79.93,11.57,13.67,1,1.2,1,2.61,0
Sorong Selatan,64.5,7.76,17.83,2.8158,2.0172,1.5524,3.4681,0
Sragen,75.53,7.88,12.41,5,3.6,3.27,4.93,2
Subang,71.36,7.46,9.49,3.3,3.2,2,4.01,2
Subulussalam,68.04,8.43,16.38,3.1,1.4,1,3.43,0
Sukabumi,68.97,7.34,6.87,4.7,3,2.73,4.7,2
Kota Sukabumi,76.85,10.38,7.2,4.2,3.8,3.18,3.88,2
Sukamara,69.85,8.18,4.14,2.3,2.1,1,3.88,0
Sukoharjo,79.3,10.01,7.47,4.9,4.3,3.45,4.76,2
Sumba Barat,66.06,7.17,26.52,4.4,2.3,1.09,3.95,0
Sumba Barat Daya,64.27,6.39,27.2,1.1,1.1,1,3.19,1
Sumba Tengah,64.31,7.23,30.84,3,1.5,1.09,2.73,1
Sumba Timur,67.68,7.77,27.04,3,1.5,1,3.58,0
Sumbawa,70.55,8.59,12.87,3.7,2.5,1,3.57,0
Sumbawa Barat,73.86,8.99,12.23,4.1,2.7,2.55,4.01,2
Sumedang,73.73,8.74,9.1,5,4.3,3.91,4.69,2
Sumenep,69.26,6.1,17.78,4.2,3.1,2.82,4.26,2
Sungai Penuh,77.4,10.48,2.92,3.9,1.8,1.82,4.14,2
Supiori,65.15,9.21,37.72,1,1,1,2.04,1
Surabaya,84.14,10.89,3.96,5,4.6,2.82,5,2
Surakarta,84.4,11.25,8.31,5,4.2,2.82,4.7,2
Tabalong,74.41,9.15,5.64,3.2,3.4,3,4.26,2
Tabanan,78.42,9.57,4.4,3.7,3.2,2.27,4.14,2
Takalar,69.47,7.73,7.75,2.5,2.2,1,3.87,0
Tambrauw,56.32,5.89,29.88,2.4093,1.2937,1.0386,2.4008,1
Tana Tidung,70.08,9.24,4.47,2.3,2.5,1.09,3.81,0
Tana Toraja,71.67,8.77,10.79,2.9,2,1,3.75,0
Tanah Bumbu,72.95,8.43,3.41,3.2,2.8,2.73,3.82,2
Tanah Datar,74.9,9.29,4.28,2.5,1.9,1.27,3.95,0
Tanah Laut,71.43,7.94,3.74,3.1,3.1,1.09,3.87,0
Tangerang,74.09,9.06,6.55,3.5,3.3,2.82,4.75,2
Kota Tangerang,80.02,11.14,5.43,3.8,4.4,2.27,4.13,2
Tangerang Selatan,82.89,11.86,2.36,3.9,3.8,2.45,3.56,2
Tanggamus,68.52,7.38,10.28,4.1,3.8,2.18,3.51,2
Tanjung Balai,71.1,9.69,11.97,3.5,3,2.36,3.62,2
Tanjung Jabung Barat,69.93,8.32,9.54,3,2.6,1.09,3.74,0
Tanjung Jabung Timur,67.54,7.7,10.14,3.1,2.2,1,3.76,0
Tanjung Pinang,80.63,10.67,6.86,3.3,2.5,2.09,4.07,2
Tapanuli Selatan,72.14,9.56,6.92,3.6,2.2,1.82,3.99,0
Tapanuli Tengah,71.52,8.92,11.8,2.1,1.3,1,3.55,0
Tapanuli Utara,75.23,10.31,8.21,2.8,2.3,1.73,3.57,0
Tapin,72.51,8.15,3.33,3.6,3.5,2.18,4.63,2
Tarakan,77.96,10.37,5.56,2.7,2.7,1.73,3.95,2
Tasikmalaya,68.36,7.97,10.23,4.4,3.1,1,4.94,2
Kota Tasikmalaya,75.04,9.63,11.1,3.9,3.7,2.73,4.58,2
Tebing Tinggi,77.45,10.87,8.79,3.9,3.9,2.27,4.25,2
Tebo,71.32,8.04,6.12,2.9,1.7,1,3.63,0
Tegal,70.77,7.36,6.81,3.4,2.3,2.18,3.92,0
Kota Tegal,77.43,9.28,7.64,5,3.7,2.82,4.2,2
Teluk Bintuni,66.75,8.67,26.99,3.0734,1.6765,1.0914,3.4578,0
Teluk Wondama,62.36,7.38,28.47,3.5,1.6,1,3.04,1
Temanggung,71.87,7.53,8.67,3.8,3.1,2.09,4.46,2
Ternate,82.12,12.08,3.14,1.8,1,1,2.74,0
Tidore Kepulauan,72.91,10.12,6.56,3,1.3,1,3.17,0
Timor Tengah Selatan,64.36,7.21,24.68,2.8,2.2,1.09,3.82,0
Timor Tengah Utara,65.83,8.17,20.89,2.5,1.4,1,3.5,0
Toba Samosir,76.91,10.77,8.07,2.8,2.5,1.91,3.63,0
Tojo Una-Una,66.97,8.56,16.36,4.4,1.9,1.27,3.96,0
Tolikara,52.05,3.69,31.22,1,1,1,2.04,1
Toli-Toli,68.37,8.91,12.45,3,1.9,1.09,3.16,0
Tomohon,78.89,11.03,5.38,3.8,2.3,1,3.95,0
Toraja Utara,71.85,8.54,10.73,2,1.1,1.09,3.49,0
Trenggalek,72.24,7.92,10.5,4.8,3.8,2.91,4.76,2
Tual,70.21,10.67,20.01,2.8,1,1,3.29,0
Tuban,71.23,7.53,14.36,4.7,3.9,2.64,4.87,2
Tulang Bawang Barat,68.46,7.8,7.22,2.6,2.1,1.45,3.05,0
Tulangbawang,70.66,7.65,7.88,3.7,2.1,1,3.69,0
Tulungagung,75.09,8.68,6.28,3.5,3.7,1.91,4.58,2
Wajo,71.52,7.46,6.47,2.9,2,1,3.81,0
Wakatobi,72.02,8.53,14.36,3,1.4,1,3.62,0
Waropen,66.92,9.42,29.85,2.4899,1.5166,1.0881,3.1522,0
Way Kanan,69.31,7.75,10.43,3.3,3.3,2.91,3.93,2
Wonogiri,72.55,7.68,10.71,5,4.3,2.73,4.45,2
Wonosobo,69.82,6.9,15.28,3.7,3,2.55,4.7,2
Yahukimo,51.98,4.35,33.82,1.6525,1.0831,1.0028,2.0078,1
Yalimo,51.85,3.55,30.02,1.3194,1.0428,1.002,1.9915,1
Yogyakarta,88.77,12.12,6.26,4,3,1.64,4.31,2
